mean_fit_time,std_fit_time,mean_score_time,std_score_time,param_clf__C,param_clf__class_weight,param_clf__random_state,param_tfidf__lowercase,param_tfidf__max_df,param_tfidf__max_features,param_tfidf__min_df,param_tfidf__ngram_range,param_tfidf__stop_words,param_tfidf__strip_accents,param_tfidf__sublinear_tf,params,split0_test_score,split1_test_score,split2_test_score,mean_test_score,std_test_score,rank_test_score
3.4399596055348716,0.09516491861377939,4.661025047302246,0.17714125203267736,0.5,balanced,42,True,0.9,80000,2,"(1, 1)",,unicode,True,"{'clf__C': 0.5, 'clf__class_weight': 'balanced', 'clf__random_state': 42, 'tfidf__lowercase': True, 'tfidf__max_df': 0.9, 'tfidf__max_features': 80000, 'tfidf__min_df': 2, 'tfidf__ngram_range': (1, 1), 'tfidf__stop_words': None, 'tfidf__strip_accents': 'unicode', 'tfidf__sublinear_tf': True}",0.9725738659748812,0.9730601024615769,0.9732836323289242,0.9729725335884608,0.0002963031105551927,65
3.984118620554606,0.02927783291535794,4.590210437774658,0.09639875853803297,0.5,balanced,42,True,0.9,80000,2,"(1, 1)",,,True,"{'clf__C': 0.5, 'clf__class_weight': 'balanced', 'clf__random_state': 42, 'tfidf__lowercase': True, 'tfidf__max_df': 0.9, 'tfidf__max_features': 80000, 'tfidf__min_df': 2, 'tfidf__ngram_range': (1, 1), 'tfidf__stop_words': None, 'tfidf__strip_accents': None, 'tfidf__sublinear_tf': True}",0.9725738659748812,0.9730601024615769,0.9732836323289242,0.9729725335884608,0.0002963031105551927,65
6.93297545115153,0.03233788092753534,8.461979627609253,0.0634911906061899,0.5,balanced,42,True,0.9,80000,2,"(1, 2)",,unicode,True,"{'clf__C': 0.5, 'clf__class_weight': 'balanced', 'clf__random_state': 42, 'tfidf__lowercase': True, 'tfidf__max_df': 0.9, 'tfidf__max_features': 80000, 'tfidf__min_df': 2, 'tfidf__ngram_range': (1, 2), 'tfidf__stop_words': None, 'tfidf__strip_accents': 'unicode', 'tfidf__sublinear_tf': True}",0.9784514971849932,0.9783077825040228,0.9782630347094268,0.9783407714661476,8.039788509122916e-05,1
6.889402627944946,0.13214212533851838,8.370221694310507,0.06653469516766007,0.5,balanced,42,True,0.9,80000,2,"(1, 2)",,,True,"{'clf__C': 0.5, 'clf__class_weight': 'balanced', 'clf__random_state': 42, 'tfidf__lowercase': True, 'tfidf__max_df': 0.9, 'tfidf__max_features': 80000, 'tfidf__min_df': 2, 'tfidf__ngram_range': (1, 2), 'tfidf__stop_words': None, 'tfidf__strip_accents': None, 'tfidf__sublinear_tf': True}",0.9784514971849932,0.9783077825040228,0.9782630347094268,0.9783407714661476,8.039788509122916e-05,1
4.007371346155803,0.1967093752555729,3.809946378072103,0.14617400958846827,0.5,balanced,42,True,0.9,80000,5,"(1, 1)",,unicode,True,"{'clf__C': 0.5, 'clf__class_weight': 'balanced', 'clf__random_state': 42, 'tfidf__lowercase': True, 'tfidf__max_df': 0.9, 'tfidf__max_features': 80000, 'tfidf__min_df': 5, 'tfidf__ngram_range': (1, 1), 'tfidf__stop_words': None, 'tfidf__strip_accents': 'unicode', 'tfidf__sublinear_tf': True}",0.9727276128243818,0.972970946579194,0.9730976363817693,0.9729320652617818,0.00015354299265071784,73
3.263715982437134,0.4576012833564341,3.7373287677764893,0.05257598051339647,0.5,balanced,42,True,0.9,80000,5,"(1, 1)",,,True,"{'clf__C': 0.5, 'clf__class_weight': 'balanced', 'clf__random_state': 42, 'tfidf__lowercase': True, 'tfidf__max_df': 0.9, 'tfidf__max_features': 80000, 'tfidf__min_df': 5, 'tfidf__ngram_range': (1, 1), 'tfidf__stop_words': None, 'tfidf__strip_accents': None, 'tfidf__sublinear_tf': True}",0.9727276128243818,0.972970946579194,0.9730976363817693,0.9729320652617818,0.00015354299265071784,73
5.237683296203613,0.06403156013118311,8.25332760810852,0.012634537063101114,0.5,balanced,42,True,0.9,80000,5,"(1, 2)",,unicode,True,"{'clf__C': 0.5, 'clf__class_weight': 'balanced', 'clf__random_state': 42, 'tfidf__lowercase': True, 'tfidf__max_df': 0.9, 'tfidf__max_features': 80000, 'tfidf__min_df': 5, 'tfidf__ngram_range': (1, 2), 'tfidf__stop_words': None, 'tfidf__strip_accents': 'unicode', 'tfidf__sublinear_tf': True}",0.9783756851021425,0.9782955792835046,0.9783260920985472,0.9783324521613981,3.301084008331917e-05,5
5.6030629475911455,0.06471555474725758,8.182952404022217,0.1064614530693309,0.5,balanced,42,True,0.9,80000,5,"(1, 2)",,,True,"{'clf__C': 0.5, 'clf__class_weight': 'balanced', 'clf__random_state': 42, 'tfidf__lowercase': True, 'tfidf__max_df': 0.9, 'tfidf__max_features': 80000, 'tfidf__min_df': 5, 'tfidf__ngram_range': (1, 2), 'tfidf__stop_words': None, 'tfidf__strip_accents': None, 'tfidf__sublinear_tf': True}",0.9783756851021425,0.9782955792835046,0.9783260920985472,0.9783324521613981,3.301084008331917e-05,5
3.431337833404541,0.052386657829722766,3.591479221979777,0.15342479448130497,0.5,balanced,42,True,0.9,200000,2,"(1, 1)",,unicode,True,"{'clf__C': 0.5, 'clf__class_weight': 'balanced', 'clf__random_state': 42, 'tfidf__lowercase': True, 'tfidf__max_df': 0.9, 'tfidf__max_features': 200000, 'tfidf__min_df': 2, 'tfidf__ngram_range': (1, 1), 'tfidf__stop_words': None, 'tfidf__strip_accents': 'unicode', 'tfidf__sublinear_tf': True}",0.9725738659748812,0.9730601024615769,0.9732836323289242,0.9729725335884608,0.0002963031105551927,65
3.0972489515940347,0.21670563107264157,3.5028927326202393,0.044537900190086965,0.5,balanced,42,True,0.9,200000,2,"(1, 1)",,,True,"{'clf__C': 0.5, 'clf__class_weight': 'balanced', 'clf__random_state': 42, 'tfidf__lowercase': True, 'tfidf__max_df': 0.9, 'tfidf__max_features': 200000, 'tfidf__min_df': 2, 'tfidf__ngram_range': (1, 1), 'tfidf__stop_words': None, 'tfidf__strip_accents': None, 'tfidf__sublinear_tf': True}",0.9725738659748812,0.9730601024615769,0.9732836323289242,0.9729725335884608,0.0002963031105551927,65
4.579972267150879,0.055406108084048236,8.429760058720907,0.056247147963885205,0.5,balanced,42,True,0.9,200000,2,"(1, 2)",,unicode,True,"{'clf__C': 0.5, 'clf__class_weight': 'balanced', 'clf__random_state': 42, 'tfidf__lowercase': True, 'tfidf__max_df': 0.9, 'tfidf__max_features': 200000, 'tfidf__min_df': 2, 'tfidf__ngram_range': (1, 2), 'tfidf__stop_words': None, 'tfidf__strip_accents': 'unicode', 'tfidf__sublinear_tf': True}",0.9784344749398881,0.9782275069559684,0.978329638578225,0.9783305401580272,8.449673061349279e-05,9
4.908857663472493,0.19236192274466063,8.259002288182577,0.07023575983161887,0.5,balanced,42,True,0.9,200000,2,"(1, 2)",,,True,"{'clf__C': 0.5, 'clf__class_weight': 'balanced', 'clf__random_state': 42, 'tfidf__lowercase': True, 'tfidf__max_df': 0.9, 'tfidf__max_features': 200000, 'tfidf__min_df': 2, 'tfidf__ngram_range': (1, 2), 'tfidf__stop_words': None, 'tfidf__strip_accents': None, 'tfidf__sublinear_tf': True}",0.9784344749398881,0.9782275069559684,0.978329638578225,0.9783305401580272,8.449673061349279e-05,9
3.4760287602742515,0.143505088645084,3.449812332789103,0.01768027557999638,0.5,balanced,42,True,0.9,200000,5,"(1, 1)",,unicode,True,"{'clf__C': 0.5, 'clf__class_weight': 'balanced', 'clf__random_state': 42, 'tfidf__lowercase': True, 'tfidf__max_df': 0.9, 'tfidf__max_features': 200000, 'tfidf__min_df': 5, 'tfidf__ngram_range': (1, 1), 'tfidf__stop_words': None, 'tfidf__strip_accents': 'unicode', 'tfidf__sublinear_tf': True}",0.9727276128243818,0.972970946579194,0.9730976363817693,0.9729320652617818,0.00015354299265071784,73
3.4023303190867105,0.06694995777038022,3.479828437169393,0.03836709347784556,0.5,balanced,42,True,0.9,200000,5,"(1, 1)",,,True,"{'clf__C': 0.5, 'clf__class_weight': 'balanced', 'clf__random_state': 42, 'tfidf__lowercase': True, 'tfidf__max_df': 0.9, 'tfidf__max_features': 200000, 'tfidf__min_df': 5, 'tfidf__ngram_range': (1, 1), 'tfidf__stop_words': None, 'tfidf__strip_accents': None, 'tfidf__sublinear_tf': True}",0.9727276128243818,0.972970946579194,0.9730976363817693,0.9729320652617818,0.00015354299265071784,73
5.023300965627034,0.07412611137372077,9.245344003041586,0.039247144755132884,0.5,balanced,42,True,0.9,200000,5,"(1, 2)",,unicode,True,"{'clf__C': 0.5, 'clf__class_weight': 'balanced', 'clf__random_state': 42, 'tfidf__lowercase': True, 'tfidf__max_df': 0.9, 'tfidf__max_features': 200000, 'tfidf__min_df': 5, 'tfidf__ngram_range': (1, 2), 'tfidf__stop_words': None, 'tfidf__strip_accents': 'unicode', 'tfidf__sublinear_tf': True}",0.9783756851021425,0.9781792322183823,0.9783610149655121,0.9783053107620123,8.935193562566136e-05,13
6.064881086349487,0.7700659227284825,9.221127112706503,0.03312938087648728,0.5,balanced,42,True,0.9,200000,5,"(1, 2)",,,True,"{'clf__C': 0.5, 'clf__class_weight': 'balanced', 'clf__random_state': 42, 'tfidf__lowercase': True, 'tfidf__max_df': 0.9, 'tfidf__max_features': 200000, 'tfidf__min_df': 5, 'tfidf__ngram_range': (1, 2), 'tfidf__stop_words': None, 'tfidf__strip_accents': None, 'tfidf__sublinear_tf': True}",0.9783756851021425,0.9781792322183823,0.9783610149655121,0.9783053107620123,8.935193562566136e-05,13
3.986979087193807,0.26611091361842565,4.416564305623372,0.1292895345664458,0.5,balanced,42,True,0.95,80000,2,"(1, 1)",,unicode,True,"{'clf__C': 0.5, 'clf__class_weight': 'balanced', 'clf__random_state': 42, 'tfidf__lowercase': True, 'tfidf__max_df': 0.95, 'tfidf__max_features': 80000, 'tfidf__min_df': 2, 'tfidf__ngram_range': (1, 1), 'tfidf__stop_words': None, 'tfidf__strip_accents': 'unicode', 'tfidf__sublinear_tf': True}",0.9725738659748812,0.9730601024615769,0.9732836323289242,0.9729725335884608,0.0002963031105551927,65
4.368766625722249,0.02689839761232271,4.00937803586324,0.01838286694816143,0.5,balanced,42,True,0.95,80000,2,"(1, 1)",,,True,"{'clf__C': 0.5, 'clf__class_weight': 'balanced', 'clf__random_state': 42, 'tfidf__lowercase': True, 'tfidf__max_df': 0.95, 'tfidf__max_features': 80000, 'tfidf__min_df': 2, 'tfidf__ngram_range': (1, 1), 'tfidf__stop_words': None, 'tfidf__strip_accents': None, 'tfidf__sublinear_tf': True}",0.9725738659748812,0.9730601024615769,0.9732836323289242,0.9729725335884608,0.0002963031105551927,65
6.087027549743652,0.17958525420076304,8.78679863611857,0.014088692082050543,0.5,balanced,42,True,0.95,80000,2,"(1, 2)",,unicode,True,"{'clf__C': 0.5, 'clf__class_weight': 'balanced', 'clf__random_state': 42, 'tfidf__lowercase': True, 'tfidf__max_df': 0.95, 'tfidf__max_features': 80000, 'tfidf__min_df': 2, 'tfidf__ngram_range': (1, 2), 'tfidf__stop_words': None, 'tfidf__strip_accents': 'unicode', 'tfidf__sublinear_tf': True}",0.9784514971849932,0.9783077825040228,0.9782630347094268,0.9783407714661476,8.039788509122916e-05,1
6.08728822072347,0.19784126674606747,8.482523759206137,0.20038197331029264,0.5,balanced,42,True,0.95,80000,2,"(1, 2)",,,True,"{'clf__C': 0.5, 'clf__class_weight': 'balanced', 'clf__random_state': 42, 'tfidf__lowercase': True, 'tfidf__max_df': 0.95, 'tfidf__max_features': 80000, 'tfidf__min_df': 2, 'tfidf__ngram_range': (1, 2), 'tfidf__stop_words': None, 'tfidf__strip_accents': None, 'tfidf__sublinear_tf': True}",0.9784514971849932,0.9783077825040228,0.9782630347094268,0.9783407714661476,8.039788509122916e-05,1
3.574509382247925,0.33111749808610563,3.922264337539673,0.15601038219043867,0.5,balanced,42,True,0.95,80000,5,"(1, 1)",,unicode,True,"{'clf__C': 0.5, 'clf__class_weight': 'balanced', 'clf__random_state': 42, 'tfidf__lowercase': True, 'tfidf__max_df': 0.95, 'tfidf__max_features': 80000, 'tfidf__min_df': 5, 'tfidf__ngram_range': (1, 1), 'tfidf__stop_words': None, 'tfidf__strip_accents': 'unicode', 'tfidf__sublinear_tf': True}",0.9727276128243818,0.972970946579194,0.9730976363817693,0.9729320652617818,0.00015354299265071784,73
3.906546115875244,0.15217097690380535,3.5277783075968423,0.10730728344129181,0.5,balanced,42,True,0.95,80000,5,"(1, 1)",,,True,"{'clf__C': 0.5, 'clf__class_weight': 'balanced', 'clf__random_state': 42, 'tfidf__lowercase': True, 'tfidf__max_df': 0.95, 'tfidf__max_features': 80000, 'tfidf__min_df': 5, 'tfidf__ngram_range': (1, 1), 'tfidf__stop_words': None, 'tfidf__strip_accents': None, 'tfidf__sublinear_tf': True}",0.9727276128243818,0.972970946579194,0.9730976363817693,0.9729320652617818,0.00015354299265071784,73
5.553606351216634,0.0979322226057994,8.168550650278727,0.15122872500200368,0.5,balanced,42,True,0.95,80000,5,"(1, 2)",,unicode,True,"{'clf__C': 0.5, 'clf__class_weight': 'balanced', 'clf__random_state': 42, 'tfidf__lowercase': True, 'tfidf__max_df': 0.95, 'tfidf__max_features': 80000, 'tfidf__min_df': 5, 'tfidf__ngram_range': (1, 2), 'tfidf__stop_words': None, 'tfidf__strip_accents': 'unicode', 'tfidf__sublinear_tf': True}",0.9783756851021425,0.9782955792835046,0.9783260920985472,0.9783324521613981,3.301084008331917e-05,5
5.905515034993489,0.15336502052887493,7.949920654296875,0.024060502013274046,0.5,balanced,42,True,0.95,80000,5,"(1, 2)",,,True,"{'clf__C': 0.5, 'clf__class_weight': 'balanced', 'clf__random_state': 42, 'tfidf__lowercase': True, 'tfidf__max_df': 0.95, 'tfidf__max_features': 80000, 'tfidf__min_df': 5, 'tfidf__ngram_range': (1, 2), 'tfidf__stop_words': None, 'tfidf__strip_accents': None, 'tfidf__sublinear_tf': True}",0.9783756851021425,0.9782955792835046,0.9783260920985472,0.9783324521613981,3.301084008331917e-05,5
3.956641912460327,0.01300801625572308,3.4754608472188315,0.027599305400065367,0.5,balanced,42,True,0.95,200000,2,"(1, 1)",,unicode,True,"{'clf__C': 0.5, 'clf__class_weight': 'balanced', 'clf__random_state': 42, 'tfidf__lowercase': True, 'tfidf__max_df': 0.95, 'tfidf__max_features': 200000, 'tfidf__min_df': 2, 'tfidf__ngram_range': (1, 1), 'tfidf__stop_words': None, 'tfidf__strip_accents': 'unicode', 'tfidf__sublinear_tf': True}",0.9725738659748812,0.9730601024615769,0.9732836323289242,0.9729725335884608,0.0002963031105551927,65
3.827314615249634,0.11403376422672626,3.2682732741038003,0.02179079981714274,0.5,balanced,42,True,0.95,200000,2,"(1, 1)",,,True,"{'clf__C': 0.5, 'clf__class_weight': 'balanced', 'clf__random_state': 42, 'tfidf__lowercase': True, 'tfidf__max_df': 0.95, 'tfidf__max_features': 200000, 'tfidf__min_df': 2, 'tfidf__ngram_range': (1, 1), 'tfidf__stop_words': None, 'tfidf__strip_accents': None, 'tfidf__sublinear_tf': True}",0.9725738659748812,0.9730601024615769,0.9732836323289242,0.9729725335884608,0.0002963031105551927,65
4.541916926701863,0.18360869659941187,8.499358654022217,0.307324761670817,0.5,balanced,42,True,0.95,200000,2,"(1, 2)",,unicode,True,"{'clf__C': 0.5, 'clf__class_weight': 'balanced', 'clf__random_state': 42, 'tfidf__lowercase': True, 'tfidf__max_df': 0.95, 'tfidf__max_features': 200000, 'tfidf__min_df': 2, 'tfidf__ngram_range': (1, 2), 'tfidf__stop_words': None, 'tfidf__strip_accents': 'unicode', 'tfidf__sublinear_tf': True}",0.9784344749398881,0.9782275069559684,0.978329638578225,0.9783305401580272,8.449673061349279e-05,9
4.796590010325114,0.22758245329136728,9.089733044306437,0.07422247269843177,0.5,balanced,42,True,0.95,200000,2,"(1, 2)",,,True,"{'clf__C': 0.5, 'clf__class_weight': 'balanced', 'clf__random_state': 42, 'tfidf__lowercase': True, 'tfidf__max_df': 0.95, 'tfidf__max_features': 200000, 'tfidf__min_df': 2, 'tfidf__ngram_range': (1, 2), 'tfidf__stop_words': None, 'tfidf__strip_accents': None, 'tfidf__sublinear_tf': True}",0.9784344749398881,0.9782275069559684,0.978329638578225,0.9783305401580272,8.449673061349279e-05,9
3.2903242905934653,0.30722030877933665,3.7917343775431314,0.062450244741402,0.5,balanced,42,True,0.95,200000,5,"(1, 1)",,unicode,True,"{'clf__C': 0.5, 'clf__class_weight': 'balanced', 'clf__random_state': 42, 'tfidf__lowercase': True, 'tfidf__max_df': 0.95, 'tfidf__max_features': 200000, 'tfidf__min_df': 5, 'tfidf__ngram_range': (1, 1), 'tfidf__stop_words': None, 'tfidf__strip_accents': 'unicode', 'tfidf__sublinear_tf': True}",0.9727276128243818,0.972970946579194,0.9730976363817693,0.9729320652617818,0.00015354299265071784,73
3.386401653289795,0.04965588616228433,3.7278769810994468,0.02879528486908803,0.5,balanced,42,True,0.95,200000,5,"(1, 1)",,,True,"{'clf__C': 0.5, 'clf__class_weight': 'balanced', 'clf__random_state': 42, 'tfidf__lowercase': True, 'tfidf__max_df': 0.95, 'tfidf__max_features': 200000, 'tfidf__min_df': 5, 'tfidf__ngram_range': (1, 1), 'tfidf__stop_words': None, 'tfidf__strip_accents': None, 'tfidf__sublinear_tf': True}",0.9727276128243818,0.972970946579194,0.9730976363817693,0.9729320652617818,0.00015354299265071784,73
5.467075347900391,0.40572303390561165,8.986690362294516,0.09619772238704355,0.5,balanced,42,True,0.95,200000,5,"(1, 2)",,unicode,True,"{'clf__C': 0.5, 'clf__class_weight': 'balanced', 'clf__random_state': 42, 'tfidf__lowercase': True, 'tfidf__max_df': 0.95, 'tfidf__max_features': 200000, 'tfidf__min_df': 5, 'tfidf__ngram_range': (1, 2), 'tfidf__stop_words': None, 'tfidf__strip_accents': 'unicode', 'tfidf__sublinear_tf': True}",0.9783756851021425,0.9781792322183823,0.9783610149655121,0.9783053107620123,8.935193562566136e-05,13
6.742001056671143,0.20307435127430032,8.443904002507528,0.08306220127181722,0.5,balanced,42,True,0.95,200000,5,"(1, 2)",,,True,"{'clf__C': 0.5, 'clf__class_weight': 'balanced', 'clf__random_state': 42, 'tfidf__lowercase': True, 'tfidf__max_df': 0.95, 'tfidf__max_features': 200000, 'tfidf__min_df': 5, 'tfidf__ngram_range': (1, 2), 'tfidf__stop_words': None, 'tfidf__strip_accents': None, 'tfidf__sublinear_tf': True}",0.9783756851021425,0.9781792322183823,0.9783610149655121,0.9783053107620123,8.935193562566136e-05,13
4.451651334762573,0.12405360163799334,3.924182653427124,0.03199005461782046,1.0,balanced,42,True,0.9,80000,2,"(1, 1)",,unicode,True,"{'clf__C': 1.0, 'clf__class_weight': 'balanced', 'clf__random_state': 42, 'tfidf__lowercase': True, 'tfidf__max_df': 0.9, 'tfidf__max_features': 80000, 'tfidf__min_df': 2, 'tfidf__ngram_range': (1, 1), 'tfidf__stop_words': None, 'tfidf__strip_accents': 'unicode', 'tfidf__sublinear_tf': True}",0.97207539642964,0.9727192139138252,0.9725022115348675,0.9724322739594443,0.0002674492931101724,81
4.4808088938395185,0.09785352419495798,3.7559053897857666,0.1085964041219954,1.0,balanced,42,True,0.9,80000,2,"(1, 1)",,,True,"{'clf__C': 1.0, 'clf__class_weight': 'balanced', 'clf__random_state': 42, 'tfidf__lowercase': True, 'tfidf__max_df': 0.9, 'tfidf__max_features': 80000, 'tfidf__min_df': 2, 'tfidf__ngram_range': (1, 1), 'tfidf__stop_words': None, 'tfidf__strip_accents': None, 'tfidf__sublinear_tf': True}",0.97207539642964,0.9727192139138252,0.9725022115348675,0.9724322739594443,0.0002674492931101724,81
5.401875972747803,0.09239450386602098,8.337053298950195,0.11531640330421927,1.0,balanced,42,True,0.9,80000,2,"(1, 2)",,unicode,True,"{'clf__C': 1.0, 'clf__class_weight': 'balanced', 'clf__random_state': 42, 'tfidf__lowercase': True, 'tfidf__max_df': 0.9, 'tfidf__max_features': 80000, 'tfidf__min_df': 2, 'tfidf__ngram_range': (1, 2), 'tfidf__stop_words': None, 'tfidf__strip_accents': 'unicode', 'tfidf__sublinear_tf': True}",0.9778120683433094,0.97786253832922,0.9777672717319631,0.9778139594681642,3.891540742978353e-05,25
5.8103853066762285,0.417211324443713,8.603221654891968,0.09578920883569063,1.0,balanced,42,True,0.9,80000,2,"(1, 2)",,,True,"{'clf__C': 1.0, 'clf__class_weight': 'balanced', 'clf__random_state': 42, 'tfidf__lowercase': True, 'tfidf__max_df': 0.9, 'tfidf__max_features': 80000, 'tfidf__min_df': 2, 'tfidf__ngram_range': (1, 2), 'tfidf__stop_words': None, 'tfidf__strip_accents': None, 'tfidf__sublinear_tf': True}",0.9778120683433094,0.97786253832922,0.9777672717319631,0.9778139594681642,3.891540742978353e-05,25
3.622482935587565,0.028320149731063747,3.499052365620931,0.04268448631540861,1.0,balanced,42,True,0.9,80000,5,"(1, 1)",,unicode,True,"{'clf__C': 1.0, 'clf__class_weight': 'balanced', 'clf__random_state': 42, 'tfidf__lowercase': True, 'tfidf__max_df': 0.9, 'tfidf__max_features': 80000, 'tfidf__min_df': 5, 'tfidf__ngram_range': (1, 1), 'tfidf__stop_words': None, 'tfidf__strip_accents': 'unicode', 'tfidf__sublinear_tf': True}",0.9721734145824766,0.972531588673026,0.9725319215197757,0.9724123082584262,0.0001689233928999336,89
3.6382745107014975,0.11313485600879031,3.4826348622639975,0.044168144378049674,1.0,balanced,42,True,0.9,80000,5,"(1, 1)",,,True,"{'clf__C': 1.0, 'clf__class_weight': 'balanced', 'clf__random_state': 42, 'tfidf__lowercase': True, 'tfidf__max_df': 0.9, 'tfidf__max_features': 80000, 'tfidf__min_df': 5, 'tfidf__ngram_range': (1, 1), 'tfidf__stop_words': None, 'tfidf__strip_accents': None, 'tfidf__sublinear_tf': True}",0.9721734145824766,0.972531588673026,0.9725319215197757,0.9724123082584262,0.0001689233928999336,89
5.325631697972615,0.47681989630946875,8.60531751314799,0.12591065775198418,1.0,balanced,42,True,0.9,80000,5,"(1, 2)",,unicode,True,"{'clf__C': 1.0, 'clf__class_weight': 'balanced', 'clf__random_state': 42, 'tfidf__lowercase': True, 'tfidf__max_df': 0.9, 'tfidf__max_features': 80000, 'tfidf__min_df': 5, 'tfidf__ngram_range': (1, 2), 'tfidf__stop_words': None, 'tfidf__strip_accents': 'unicode', 'tfidf__sublinear_tf': True}",0.9777661652545009,0.9777877496073593,0.977681015177905,0.9777449766799217,4.607802351994689e-05,29
6.3115997314453125,0.27629407127782296,8.317132314046225,0.013229194579561086,1.0,balanced,42,True,0.9,80000,5,"(1, 2)",,,True,"{'clf__C': 1.0, 'clf__class_weight': 'balanced', 'clf__random_state': 42, 'tfidf__lowercase': True, 'tfidf__max_df': 0.9, 'tfidf__max_features': 80000, 'tfidf__min_df': 5, 'tfidf__ngram_range': (1, 2), 'tfidf__stop_words': None, 'tfidf__strip_accents': None, 'tfidf__sublinear_tf': True}",0.9777661652545009,0.9777877496073593,0.977681015177905,0.9777449766799217,4.607802351994689e-05,29
4.338841040929158,0.10732154323234072,3.66871968905131,0.06646425022577906,1.0,balanced,42,True,0.9,200000,2,"(1, 1)",,unicode,True,"{'clf__C': 1.0, 'clf__class_weight': 'balanced', 'clf__random_state': 42, 'tfidf__lowercase': True, 'tfidf__max_df': 0.9, 'tfidf__max_features': 200000, 'tfidf__min_df': 2, 'tfidf__ngram_range': (1, 1), 'tfidf__stop_words': None, 'tfidf__strip_accents': 'unicode', 'tfidf__sublinear_tf': True}",0.97207539642964,0.9727192139138252,0.9725022115348675,0.9724322739594443,0.0002674492931101724,81
4.19992462793986,0.09236891711783965,3.478508710861206,0.037066316449653136,1.0,balanced,42,True,0.9,200000,2,"(1, 1)",,,True,"{'clf__C': 1.0, 'clf__class_weight': 'balanced', 'clf__random_state': 42, 'tfidf__lowercase': True, 'tfidf__max_df': 0.9, 'tfidf__max_features': 200000, 'tfidf__min_df': 2, 'tfidf__ngram_range': (1, 1), 'tfidf__stop_words': None, 'tfidf__strip_accents': None, 'tfidf__sublinear_tf': True}",0.97207539642964,0.9727192139138252,0.9725022115348675,0.9724322739594443,0.0002674492931101724,81
5.202831665674846,0.0823686382136057,8.878200054168701,0.08431752944233205,1.0,balanced,42,True,0.9,200000,2,"(1, 2)",,unicode,True,"{'clf__C': 1.0, 'clf__class_weight': 'balanced', 'clf__random_state': 42, 'tfidf__lowercase': True, 'tfidf__max_df': 0.9, 'tfidf__max_features': 200000, 'tfidf__min_df': 2, 'tfidf__ngram_range': (1, 2), 'tfidf__stop_words': None, 'tfidf__strip_accents': 'unicode', 'tfidf__sublinear_tf': True}",0.9783653247690891,0.9779434684488112,0.9780631353665061,0.9781239761948021,0.00017751411874442367,17
5.445542176564534,0.17833181785026977,8.901144107182821,0.05971420548037114,1.0,balanced,42,True,0.9,200000,2,"(1, 2)",,,True,"{'clf__C': 1.0, 'clf__class_weight': 'balanced', 'clf__random_state': 42, 'tfidf__lowercase': True, 'tfidf__max_df': 0.9, 'tfidf__max_features': 200000, 'tfidf__min_df': 2, 'tfidf__ngram_range': (1, 2), 'tfidf__stop_words': None, 'tfidf__strip_accents': None, 'tfidf__sublinear_tf': True}",0.9783653247690891,0.9779434684488112,0.9780631353665061,0.9781239761948021,0.00017751411874442367,17
3.5176886717478433,0.0733520786649644,4.048334121704102,0.008645227083505626,1.0,balanced,42,True,0.9,200000,5,"(1, 1)",,unicode,True,"{'clf__C': 1.0, 'clf__class_weight': 'balanced', 'clf__random_state': 42, 'tfidf__lowercase': True, 'tfidf__max_df': 0.9, 'tfidf__max_features': 200000, 'tfidf__min_df': 5, 'tfidf__ngram_range': (1, 1), 'tfidf__stop_words': None, 'tfidf__strip_accents': 'unicode', 'tfidf__sublinear_tf': True}",0.9721734145824766,0.972531588673026,0.9725319215197757,0.9724123082584262,0.0001689233928999336,89
3.563934326171875,0.1270296217101286,3.887143691380819,0.015740846375326138,1.0,balanced,42,True,0.9,200000,5,"(1, 1)",,,True,"{'clf__C': 1.0, 'clf__class_weight': 'balanced', 'clf__random_state': 42, 'tfidf__lowercase': True, 'tfidf__max_df': 0.9, 'tfidf__max_features': 200000, 'tfidf__min_df': 5, 'tfidf__ngram_range': (1, 1), 'tfidf__stop_words': None, 'tfidf__strip_accents': None, 'tfidf__sublinear_tf': True}",0.9721734145824766,0.972531588673026,0.9725319215197757,0.9724123082584262,0.0001689233928999336,89
6.146363019943237,0.49905216217550596,8.33454442024231,0.08308288310502139,1.0,balanced,42,True,0.9,200000,5,"(1, 2)",,unicode,True,"{'clf__C': 1.0, 'clf__class_weight': 'balanced', 'clf__random_state': 42, 'tfidf__lowercase': True, 'tfidf__max_df': 0.9, 'tfidf__max_features': 200000, 'tfidf__min_df': 5, 'tfidf__ngram_range': (1, 2), 'tfidf__stop_words': None, 'tfidf__strip_accents': 'unicode', 'tfidf__sublinear_tf': True}",0.9778850820753425,0.9778353985389813,0.9777893911680168,0.9778366239274469,3.9075257464497016e-05,21
6.683214426040649,0.18373949401458528,7.984574397404988,0.10539331500815652,1.0,balanced,42,True,0.9,200000,5,"(1, 2)",,,True,"{'clf__C': 1.0, 'clf__class_weight': 'balanced', 'clf__random_state': 42, 'tfidf__lowercase': True, 'tfidf__max_df': 0.9, 'tfidf__max_features': 200000, 'tfidf__min_df': 5, 'tfidf__ngram_range': (1, 2), 'tfidf__stop_words': None, 'tfidf__strip_accents': None, 'tfidf__sublinear_tf': True}",0.9778850820753425,0.9778353985389813,0.9777893911680168,0.9778366239274469,3.9075257464497016e-05,21
4.148881832758586,0.13400014591132536,3.645494302113851,0.04922512441189804,1.0,balanced,42,True,0.95,80000,2,"(1, 1)",,unicode,True,"{'clf__C': 1.0, 'clf__class_weight': 'balanced', 'clf__random_state': 42, 'tfidf__lowercase': True, 'tfidf__max_df': 0.95, 'tfidf__max_features': 80000, 'tfidf__min_df': 2, 'tfidf__ngram_range': (1, 1), 'tfidf__stop_words': None, 'tfidf__strip_accents': 'unicode', 'tfidf__sublinear_tf': True}",0.97207539642964,0.9727192139138252,0.9725022115348675,0.9724322739594443,0.0002674492931101724,81
4.270378033320109,0.05011277754167551,3.4313597679138184,0.06751849030147519,1.0,balanced,42,True,0.95,80000,2,"(1, 1)",,,True,"{'clf__C': 1.0, 'clf__class_weight': 'balanced', 'clf__random_state': 42, 'tfidf__lowercase': True, 'tfidf__max_df': 0.95, 'tfidf__max_features': 80000, 'tfidf__min_df': 2, 'tfidf__ngram_range': (1, 1), 'tfidf__stop_words': None, 'tfidf__strip_accents': None, 'tfidf__sublinear_tf': True}",0.97207539642964,0.9727192139138252,0.9725022115348675,0.9724322739594443,0.0002674492931101724,81
5.192421754201253,0.09563660153455417,8.014349857966105,0.0501489953086701,1.0,balanced,42,True,0.95,80000,2,"(1, 2)",,unicode,True,"{'clf__C': 1.0, 'clf__class_weight': 'balanced', 'clf__random_state': 42, 'tfidf__lowercase': True, 'tfidf__max_df': 0.95, 'tfidf__max_features': 80000, 'tfidf__min_df': 2, 'tfidf__ngram_range': (1, 2), 'tfidf__stop_words': None, 'tfidf__strip_accents': 'unicode', 'tfidf__sublinear_tf': True}",0.9778120683433094,0.97786253832922,0.9777672717319631,0.9778139594681642,3.891540742978353e-05,25
5.5381520589192705,0.40768674795652105,8.110556046168009,0.08445652387333931,1.0,balanced,42,True,0.95,80000,2,"(1, 2)",,,True,"{'clf__C': 1.0, 'clf__class_weight': 'balanced', 'clf__random_state': 42, 'tfidf__lowercase': True, 'tfidf__max_df': 0.95, 'tfidf__max_features': 80000, 'tfidf__min_df': 2, 'tfidf__ngram_range': (1, 2), 'tfidf__stop_words': None, 'tfidf__strip_accents': None, 'tfidf__sublinear_tf': True}",0.9778120683433094,0.97786253832922,0.9777672717319631,0.9778139594681642,3.891540742978353e-05,25
3.4719176292419434,0.02863986146362166,3.5242744286855063,0.03222095907295596,1.0,balanced,42,True,0.95,80000,5,"(1, 1)",,unicode,True,"{'clf__C': 1.0, 'clf__class_weight': 'balanced', 'clf__random_state': 42, 'tfidf__lowercase': True, 'tfidf__max_df': 0.95, 'tfidf__max_features': 80000, 'tfidf__min_df': 5, 'tfidf__ngram_range': (1, 1), 'tfidf__stop_words': None, 'tfidf__strip_accents': 'unicode', 'tfidf__sublinear_tf': True}",0.9721734145824766,0.972531588673026,0.9725319215197757,0.9724123082584262,0.0001689233928999336,89
3.50757098197937,0.11013889575390828,3.367110252380371,0.0014934354179474436,1.0,balanced,42,True,0.95,80000,5,"(1, 1)",,,True,"{'clf__C': 1.0, 'clf__class_weight': 'balanced', 'clf__random_state': 42, 'tfidf__lowercase': True, 'tfidf__max_df': 0.95, 'tfidf__max_features': 80000, 'tfidf__min_df': 5, 'tfidf__ngram_range': (1, 1), 'tfidf__stop_words': None, 'tfidf__strip_accents': None, 'tfidf__sublinear_tf': True}",0.9721734145824766,0.972531588673026,0.9725319215197757,0.9724123082584262,0.0001689233928999336,89
5.124848127365112,0.38860084087987845,8.423753023147583,0.054319285624079304,1.0,balanced,42,True,0.95,80000,5,"(1, 2)",,unicode,True,"{'clf__C': 1.0, 'clf__class_weight': 'balanced', 'clf__random_state': 42, 'tfidf__lowercase': True, 'tfidf__max_df': 0.95, 'tfidf__max_features': 80000, 'tfidf__min_df': 5, 'tfidf__ngram_range': (1, 2), 'tfidf__stop_words': None, 'tfidf__strip_accents': 'unicode', 'tfidf__sublinear_tf': True}",0.9777661652545009,0.9777877496073593,0.977681015177905,0.9777449766799217,4.607802351994689e-05,29
6.098594983418782,0.09911842269660576,8.734227021535238,0.13012456219796592,1.0,balanced,42,True,0.95,80000,5,"(1, 2)",,,True,"{'clf__C': 1.0, 'clf__class_weight': 'balanced', 'clf__random_state': 42, 'tfidf__lowercase': True, 'tfidf__max_df': 0.95, 'tfidf__max_features': 80000, 'tfidf__min_df': 5, 'tfidf__ngram_range': (1, 2), 'tfidf__stop_words': None, 'tfidf__strip_accents': None, 'tfidf__sublinear_tf': True}",0.9777661652545009,0.9777877496073593,0.977681015177905,0.9777449766799217,4.607802351994689e-05,29
4.152178923288981,0.11966158613665714,3.6683016618092856,0.03030243003003741,1.0,balanced,42,True,0.95,200000,2,"(1, 1)",,unicode,True,"{'clf__C': 1.0, 'clf__class_weight': 'balanced', 'clf__random_state': 42, 'tfidf__lowercase': True, 'tfidf__max_df': 0.95, 'tfidf__max_features': 200000, 'tfidf__min_df': 2, 'tfidf__ngram_range': (1, 1), 'tfidf__stop_words': None, 'tfidf__strip_accents': 'unicode', 'tfidf__sublinear_tf': True}",0.97207539642964,0.9727192139138252,0.9725022115348675,0.9724322739594443,0.0002674492931101724,81
4.051236867904663,0.07683416985131437,3.681485414505005,0.08061337462722949,1.0,balanced,42,True,0.95,200000,2,"(1, 1)",,,True,"{'clf__C': 1.0, 'clf__class_weight': 'balanced', 'clf__random_state': 42, 'tfidf__lowercase': True, 'tfidf__max_df': 0.95, 'tfidf__max_features': 200000, 'tfidf__min_df': 2, 'tfidf__ngram_range': (1, 1), 'tfidf__stop_words': None, 'tfidf__strip_accents': None, 'tfidf__sublinear_tf': True}",0.97207539642964,0.9727192139138252,0.9725022115348675,0.9724322739594443,0.0002674492931101724,81
5.306500673294067,0.1259743626176062,9.268463293711344,0.3597807721666378,1.0,balanced,42,True,0.95,200000,2,"(1, 2)",,unicode,True,"{'clf__C': 1.0, 'clf__class_weight': 'balanced', 'clf__random_state': 42, 'tfidf__lowercase': True, 'tfidf__max_df': 0.95, 'tfidf__max_features': 200000, 'tfidf__min_df': 2, 'tfidf__ngram_range': (1, 2), 'tfidf__stop_words': None, 'tfidf__strip_accents': 'unicode', 'tfidf__sublinear_tf': True}",0.9783653247690891,0.9779434684488112,0.9780631353665061,0.9781239761948021,0.00017751411874442367,17
5.820587555567424,0.289880595309491,9.639849742253622,0.08654587775139698,1.0,balanced,42,True,0.95,200000,2,"(1, 2)",,,True,"{'clf__C': 1.0, 'clf__class_weight': 'balanced', 'clf__random_state': 42, 'tfidf__lowercase': True, 'tfidf__max_df': 0.95, 'tfidf__max_features': 200000, 'tfidf__min_df': 2, 'tfidf__ngram_range': (1, 2), 'tfidf__stop_words': None, 'tfidf__strip_accents': None, 'tfidf__sublinear_tf': True}",0.9783653247690891,0.9779434684488112,0.9780631353665061,0.9781239761948021,0.00017751411874442367,17
3.6252153714497886,0.08469436071968177,3.927220265070597,0.0603089684169915,1.0,balanced,42,True,0.95,200000,5,"(1, 1)",,unicode,True,"{'clf__C': 1.0, 'clf__class_weight': 'balanced', 'clf__random_state': 42, 'tfidf__lowercase': True, 'tfidf__max_df': 0.95, 'tfidf__max_features': 200000, 'tfidf__min_df': 5, 'tfidf__ngram_range': (1, 1), 'tfidf__stop_words': None, 'tfidf__strip_accents': 'unicode', 'tfidf__sublinear_tf': True}",0.9721734145824766,0.972531588673026,0.9725319215197757,0.9724123082584262,0.0001689233928999336,89
3.68320631980896,0.10271867398342568,3.974192460378011,0.015900882692421785,1.0,balanced,42,True,0.95,200000,5,"(1, 1)",,,True,"{'clf__C': 1.0, 'clf__class_weight': 'balanced', 'clf__random_state': 42, 'tfidf__lowercase': True, 'tfidf__max_df': 0.95, 'tfidf__max_features': 200000, 'tfidf__min_df': 5, 'tfidf__ngram_range': (1, 1), 'tfidf__stop_words': None, 'tfidf__strip_accents': None, 'tfidf__sublinear_tf': True}",0.9721734145824766,0.972531588673026,0.9725319215197757,0.9724123082584262,0.0001689233928999336,89
6.27400787671407,0.6856647399587867,9.673766454060873,0.22836475297823922,1.0,balanced,42,True,0.95,200000,5,"(1, 2)",,unicode,True,"{'clf__C': 1.0, 'clf__class_weight': 'balanced', 'clf__random_state': 42, 'tfidf__lowercase': True, 'tfidf__max_df': 0.95, 'tfidf__max_features': 200000, 'tfidf__min_df': 5, 'tfidf__ngram_range': (1, 2), 'tfidf__stop_words': None, 'tfidf__strip_accents': 'unicode', 'tfidf__sublinear_tf': True}",0.9778850820753425,0.9778353985389813,0.9777893911680168,0.9778366239274469,3.9075257464497016e-05,21
7.3898007074991865,0.28806852064168637,10.215441385904947,0.16120522344370725,1.0,balanced,42,True,0.95,200000,5,"(1, 2)",,,True,"{'clf__C': 1.0, 'clf__class_weight': 'balanced', 'clf__random_state': 42, 'tfidf__lowercase': True, 'tfidf__max_df': 0.95, 'tfidf__max_features': 200000, 'tfidf__min_df': 5, 'tfidf__ngram_range': (1, 2), 'tfidf__stop_words': None, 'tfidf__strip_accents': None, 'tfidf__sublinear_tf': True}",0.9778850820753425,0.9778353985389813,0.9777893911680168,0.9778366239274469,3.9075257464497016e-05,21
5.065131584803264,0.08546130465162281,4.097601731618245,0.09462055407475994,2.0,balanced,42,True,0.9,80000,2,"(1, 1)",,unicode,True,"{'clf__C': 2.0, 'clf__class_weight': 'balanced', 'clf__random_state': 42, 'tfidf__lowercase': True, 'tfidf__max_df': 0.9, 'tfidf__max_features': 80000, 'tfidf__min_df': 2, 'tfidf__ngram_range': (1, 1), 'tfidf__stop_words': None, 'tfidf__strip_accents': 'unicode', 'tfidf__sublinear_tf': True}",0.9711751662971175,0.9712410635191955,0.9714292828065283,0.9712818375409471,0.00010767448080868185,105
5.1307164033253985,0.14758519223234837,4.30337397257487,0.007302003255459391,2.0,balanced,42,True,0.9,80000,2,"(1, 1)",,,True,"{'clf__C': 2.0, 'clf__class_weight': 'balanced', 'clf__random_state': 42, 'tfidf__lowercase': True, 'tfidf__max_df': 0.9, 'tfidf__max_features': 80000, 'tfidf__min_df': 2, 'tfidf__ngram_range': (1, 1), 'tfidf__stop_words': None, 'tfidf__strip_accents': None, 'tfidf__sublinear_tf': True}",0.9711751662971175,0.9712410635191955,0.9714292828065283,0.9712818375409471,0.00010767448080868185,105
6.776184479395549,0.7159137917450493,10.074959437052408,0.14215561490793474,2.0,balanced,42,True,0.9,80000,2,"(1, 2)",,unicode,True,"{'clf__C': 2.0, 'clf__class_weight': 'balanced', 'clf__random_state': 42, 'tfidf__lowercase': True, 'tfidf__max_df': 0.9, 'tfidf__max_features': 80000, 'tfidf__min_df': 2, 'tfidf__ngram_range': (1, 2), 'tfidf__stop_words': None, 'tfidf__strip_accents': 'unicode', 'tfidf__sublinear_tf': True}",0.9766429530869111,0.9765529614033339,0.9765788165091994,0.9765915769998147,3.783074912309167e-05,45
7.848625262578328,0.5508877388392447,9.69478440284729,0.06489911511961581,2.0,balanced,42,True,0.9,80000,2,"(1, 2)",,,True,"{'clf__C': 2.0, 'clf__class_weight': 'balanced', 'clf__random_state': 42, 'tfidf__lowercase': True, 'tfidf__max_df': 0.9, 'tfidf__max_features': 80000, 'tfidf__min_df': 2, 'tfidf__ngram_range': (1, 2), 'tfidf__stop_words': None, 'tfidf__strip_accents': None, 'tfidf__sublinear_tf': True}",0.9766429530869111,0.9765529614033339,0.9765788165091994,0.9765915769998147,3.783074912309167e-05,45
5.062810659408569,0.19510292793040537,4.160021702448527,0.03632274078259392,2.0,balanced,42,True,0.9,80000,5,"(1, 1)",,unicode,True,"{'clf__C': 2.0, 'clf__class_weight': 'balanced', 'clf__random_state': 42, 'tfidf__lowercase': True, 'tfidf__max_df': 0.9, 'tfidf__max_features': 80000, 'tfidf__min_df': 5, 'tfidf__ngram_range': (1, 1), 'tfidf__stop_words': None, 'tfidf__strip_accents': 'unicode', 'tfidf__sublinear_tf': True}",0.9714001120587686,0.9712018366939509,0.9715139442231076,0.9713719643252757,0.00012896252327624166,97
5.226083437601726,0.30214366527121805,3.828066428502401,0.0084925966873888,2.0,balanced,42,True,0.9,80000,5,"(1, 1)",,,True,"{'clf__C': 2.0, 'clf__class_weight': 'balanced', 'clf__random_state': 42, 'tfidf__lowercase': True, 'tfidf__max_df': 0.9, 'tfidf__max_features': 80000, 'tfidf__min_df': 5, 'tfidf__ngram_range': (1, 1), 'tfidf__stop_words': None, 'tfidf__strip_accents': None, 'tfidf__sublinear_tf': True}",0.9714001120587686,0.9712018366939509,0.9715139442231076,0.9713719643252757,0.00012896252327624166,97
6.559499104817708,0.5614521418834117,9.531214714050293,0.15521989798739294,2.0,balanced,42,True,0.9,80000,5,"(1, 2)",,unicode,True,"{'clf__C': 2.0, 'clf__class_weight': 'balanced', 'clf__random_state': 42, 'tfidf__lowercase': True, 'tfidf__max_df': 0.9, 'tfidf__max_features': 80000, 'tfidf__min_df': 5, 'tfidf__ngram_range': (1, 2), 'tfidf__stop_words': None, 'tfidf__strip_accents': 'unicode', 'tfidf__sublinear_tf': True}",0.9767060081833672,0.9765784621517914,0.9766146577982222,0.976633042711127,5.3668745153733966e-05,41
7.465860048929851,0.7194035205362658,9.663531939188639,0.2754090343094835,2.0,balanced,42,True,0.9,80000,5,"(1, 2)",,,True,"{'clf__C': 2.0, 'clf__class_weight': 'balanced', 'clf__random_state': 42, 'tfidf__lowercase': True, 'tfidf__max_df': 0.9, 'tfidf__max_features': 80000, 'tfidf__min_df': 5, 'tfidf__ngram_range': (1, 2), 'tfidf__stop_words': None, 'tfidf__strip_accents': None, 'tfidf__sublinear_tf': True}",0.9767060081833672,0.9765784621517914,0.9766146577982222,0.976633042711127,5.3668745153733966e-05,41
5.4691799481709795,0.10988675120918572,3.941304365793864,0.06067404377965265,2.0,balanced,42,True,0.9,200000,2,"(1, 1)",,unicode,True,"{'clf__C': 2.0, 'clf__class_weight': 'balanced', 'clf__random_state': 42, 'tfidf__lowercase': True, 'tfidf__max_df': 0.9, 'tfidf__max_features': 200000, 'tfidf__min_df': 2, 'tfidf__ngram_range': (1, 1), 'tfidf__stop_words': None, 'tfidf__strip_accents': 'unicode', 'tfidf__sublinear_tf': True}",0.9711751662971175,0.9712410635191955,0.9714292828065283,0.9712818375409471,0.00010767448080868185,105
5.488963921864827,0.13574343626443017,3.791769584019979,0.02996261050305734,2.0,balanced,42,True,0.9,200000,2,"(1, 1)",,,True,"{'clf__C': 2.0, 'clf__class_weight': 'balanced', 'clf__random_state': 42, 'tfidf__lowercase': True, 'tfidf__max_df': 0.9, 'tfidf__max_features': 200000, 'tfidf__min_df': 2, 'tfidf__ngram_range': (1, 1), 'tfidf__stop_words': None, 'tfidf__strip_accents': None, 'tfidf__sublinear_tf': True}",0.9711751662971175,0.9712410635191955,0.9714292828065283,0.9712818375409471,0.00010767448080868185,105
7.068318684895833,0.3417390334334796,9.811350663503012,0.216010467275461,2.0,balanced,42,True,0.9,200000,2,"(1, 2)",,unicode,True,"{'clf__C': 2.0, 'clf__class_weight': 'balanced', 'clf__random_state': 42, 'tfidf__lowercase': True, 'tfidf__max_df': 0.9, 'tfidf__max_features': 200000, 'tfidf__min_df': 2, 'tfidf__ngram_range': (1, 2), 'tfidf__stop_words': None, 'tfidf__strip_accents': 'unicode', 'tfidf__sublinear_tf': True}",0.9769947619225362,0.9769041891538184,0.9771351129567694,0.977011354677708,9.500154502420255e-05,33
7.930901765823364,0.27189464988926304,9.377721945444742,0.024827649090541835,2.0,balanced,42,True,0.9,200000,2,"(1, 2)",,,True,"{'clf__C': 2.0, 'clf__class_weight': 'balanced', 'clf__random_state': 42, 'tfidf__lowercase': True, 'tfidf__max_df': 0.9, 'tfidf__max_features': 200000, 'tfidf__min_df': 2, 'tfidf__ngram_range': (1, 2), 'tfidf__stop_words': None, 'tfidf__strip_accents': None, 'tfidf__sublinear_tf': True}",0.9769947619225362,0.9769041891538184,0.9771351129567694,0.977011354677708,9.500154502420255e-05,33
5.023303031921387,0.1673542762451223,4.000297546386719,0.05429884092130369,2.0,balanced,42,True,0.9,200000,5,"(1, 1)",,unicode,True,"{'clf__C': 2.0, 'clf__class_weight': 'balanced', 'clf__random_state': 42, 'tfidf__lowercase': True, 'tfidf__max_df': 0.9, 'tfidf__max_features': 200000, 'tfidf__min_df': 5, 'tfidf__ngram_range': (1, 1), 'tfidf__stop_words': None, 'tfidf__strip_accents': 'unicode', 'tfidf__sublinear_tf': True}",0.9714001120587686,0.9712018366939509,0.9715139442231076,0.9713719643252757,0.00012896252327624166,97
5.012499968210856,0.2860013206259738,3.881826639175415,0.04166894455317744,2.0,balanced,42,True,0.9,200000,5,"(1, 1)",,,True,"{'clf__C': 2.0, 'clf__class_weight': 'balanced', 'clf__random_state': 42, 'tfidf__lowercase': True, 'tfidf__max_df': 0.9, 'tfidf__max_features': 200000, 'tfidf__min_df': 5, 'tfidf__ngram_range': (1, 1), 'tfidf__stop_words': None, 'tfidf__strip_accents': None, 'tfidf__sublinear_tf': True}",0.9714001120587686,0.9712018366939509,0.9715139442231076,0.9713719643252757,0.00012896252327624166,97
6.404058218002319,0.08855902205799654,9.049933036168417,0.07504926579198463,2.0,balanced,42,True,0.9,200000,5,"(1, 2)",,unicode,True,"{'clf__C': 2.0, 'clf__class_weight': 'balanced', 'clf__random_state': 42, 'tfidf__lowercase': True, 'tfidf__max_df': 0.9, 'tfidf__max_features': 200000, 'tfidf__min_df': 5, 'tfidf__ngram_range': (1, 2), 'tfidf__stop_words': None, 'tfidf__strip_accents': 'unicode', 'tfidf__sublinear_tf': True}",0.9765203332918792,0.9765935448509536,0.9768910435701411,0.976668307237658,0.00016030926039286905,37
6.929660399754842,0.29717576150378594,9.08621072769165,0.05991592437457832,2.0,balanced,42,True,0.9,200000,5,"(1, 2)",,,True,"{'clf__C': 2.0, 'clf__class_weight': 'balanced', 'clf__random_state': 42, 'tfidf__lowercase': True, 'tfidf__max_df': 0.9, 'tfidf__max_features': 200000, 'tfidf__min_df': 5, 'tfidf__ngram_range': (1, 2), 'tfidf__stop_words': None, 'tfidf__strip_accents': None, 'tfidf__sublinear_tf': True}",0.9765203332918792,0.9765935448509536,0.9768910435701411,0.976668307237658,0.00016030926039286905,37
5.096122662226359,0.07909079950214189,3.7000383536020913,0.03172806672314367,2.0,balanced,42,True,0.95,80000,2,"(1, 1)",,unicode,True,"{'clf__C': 2.0, 'clf__class_weight': 'balanced', 'clf__random_state': 42, 'tfidf__lowercase': True, 'tfidf__max_df': 0.95, 'tfidf__max_features': 80000, 'tfidf__min_df': 2, 'tfidf__ngram_range': (1, 1), 'tfidf__stop_words': None, 'tfidf__strip_accents': 'unicode', 'tfidf__sublinear_tf': True}",0.9711751662971175,0.9712410635191955,0.9714292828065283,0.9712818375409471,0.00010767448080868185,105
5.119882980982463,0.11051152519298314,3.721590439478556,0.04057182148754204,2.0,balanced,42,True,0.95,80000,2,"(1, 1)",,,True,"{'clf__C': 2.0, 'clf__class_weight': 'balanced', 'clf__random_state': 42, 'tfidf__lowercase': True, 'tfidf__max_df': 0.95, 'tfidf__max_features': 80000, 'tfidf__min_df': 2, 'tfidf__ngram_range': (1, 1), 'tfidf__stop_words': None, 'tfidf__strip_accents': None, 'tfidf__sublinear_tf': True}",0.9711751662971175,0.9712410635191955,0.9714292828065283,0.9712818375409471,0.00010767448080868185,105
6.267136812210083,0.8121138271771176,9.223552783330282,0.14285491003072132,2.0,balanced,42,True,0.95,80000,2,"(1, 2)",,unicode,True,"{'clf__C': 2.0, 'clf__class_weight': 'balanced', 'clf__random_state': 42, 'tfidf__lowercase': True, 'tfidf__max_df': 0.95, 'tfidf__max_features': 80000, 'tfidf__min_df': 2, 'tfidf__ngram_range': (1, 2), 'tfidf__stop_words': None, 'tfidf__strip_accents': 'unicode', 'tfidf__sublinear_tf': True}",0.9766429530869111,0.9765529614033339,0.9765788165091994,0.9765915769998147,3.783074912309167e-05,45
7.4771142800649,0.5322368619993102,9.083810647328695,0.064308454177034,2.0,balanced,42,True,0.95,80000,2,"(1, 2)",,,True,"{'clf__C': 2.0, 'clf__class_weight': 'balanced', 'clf__random_state': 42, 'tfidf__lowercase': True, 'tfidf__max_df': 0.95, 'tfidf__max_features': 80000, 'tfidf__min_df': 2, 'tfidf__ngram_range': (1, 2), 'tfidf__stop_words': None, 'tfidf__strip_accents': None, 'tfidf__sublinear_tf': True}",0.9766429530869111,0.9765529614033339,0.9765788165091994,0.9765915769998147,3.783074912309167e-05,45
4.795370578765869,0.21361917356464735,4.006434281667073,0.01743981204676054,2.0,balanced,42,True,0.95,80000,5,"(1, 1)",,unicode,True,"{'clf__C': 2.0, 'clf__class_weight': 'balanced', 'clf__random_state': 42, 'tfidf__lowercase': True, 'tfidf__max_df': 0.95, 'tfidf__max_features': 80000, 'tfidf__min_df': 5, 'tfidf__ngram_range': (1, 1), 'tfidf__stop_words': None, 'tfidf__strip_accents': 'unicode', 'tfidf__sublinear_tf': True}",0.9714001120587686,0.9712018366939509,0.9715139442231076,0.9713719643252757,0.00012896252327624166,97
4.634710868199666,0.28502798678659813,3.8687613010406494,0.004753571673164912,2.0,balanced,42,True,0.95,80000,5,"(1, 1)",,,True,"{'clf__C': 2.0, 'clf__class_weight': 'balanced', 'clf__random_state': 42, 'tfidf__lowercase': True, 'tfidf__max_df': 0.95, 'tfidf__max_features': 80000, 'tfidf__min_df': 5, 'tfidf__ngram_range': (1, 1), 'tfidf__stop_words': None, 'tfidf__strip_accents': None, 'tfidf__sublinear_tf': True}",0.9714001120587686,0.9712018366939509,0.9715139442231076,0.9713719643252757,0.00012896252327624166,97
6.003340005874634,0.3928667797376544,9.550614277521769,0.09525878179197524,2.0,balanced,42,True,0.95,80000,5,"(1, 2)",,unicode,True,"{'clf__C': 2.0, 'clf__class_weight': 'balanced', 'clf__random_state': 42, 'tfidf__lowercase': True, 'tfidf__max_df': 0.95, 'tfidf__max_features': 80000, 'tfidf__min_df': 5, 'tfidf__ngram_range': (1, 2), 'tfidf__stop_words': None, 'tfidf__strip_accents': 'unicode', 'tfidf__sublinear_tf': True}",0.9767060081833672,0.9765784621517914,0.9766146577982222,0.976633042711127,5.3668745153733966e-05,41
6.8584864139556885,0.9066410759400322,9.66228755315145,0.0638125295979451,2.0,balanced,42,True,0.95,80000,5,"(1, 2)",,,True,"{'clf__C': 2.0, 'clf__class_weight': 'balanced', 'clf__random_state': 42, 'tfidf__lowercase': True, 'tfidf__max_df': 0.95, 'tfidf__max_features': 80000, 'tfidf__min_df': 5, 'tfidf__ngram_range': (1, 2), 'tfidf__stop_words': None, 'tfidf__strip_accents': None, 'tfidf__sublinear_tf': True}",0.9767060081833672,0.9765784621517914,0.9766146577982222,0.976633042711127,5.3668745153733966e-05,41
5.130188783009847,0.09775229555575801,4.291173696517944,0.054154159702005135,2.0,balanced,42,True,0.95,200000,2,"(1, 1)",,unicode,True,"{'clf__C': 2.0, 'clf__class_weight': 'balanced', 'clf__random_state': 42, 'tfidf__lowercase': True, 'tfidf__max_df': 0.95, 'tfidf__max_features': 200000, 'tfidf__min_df': 2, 'tfidf__ngram_range': (1, 1), 'tfidf__stop_words': None, 'tfidf__strip_accents': 'unicode', 'tfidf__sublinear_tf': True}",0.9711751662971175,0.9712410635191955,0.9714292828065283,0.9712818375409471,0.00010767448080868185,105
5.125719785690308,0.09756644788253015,4.146495501200358,0.03401946985522713,2.0,balanced,42,True,0.95,200000,2,"(1, 1)",,,True,"{'clf__C': 2.0, 'clf__class_weight': 'balanced', 'clf__random_state': 42, 'tfidf__lowercase': True, 'tfidf__max_df': 0.95, 'tfidf__max_features': 200000, 'tfidf__min_df': 2, 'tfidf__ngram_range': (1, 1), 'tfidf__stop_words': None, 'tfidf__strip_accents': None, 'tfidf__sublinear_tf': True}",0.9711751662971175,0.9712410635191955,0.9714292828065283,0.9712818375409471,0.00010767448080868185,105
7.196345249811809,0.2322878983164338,10.144073088963827,0.03528563416310576,2.0,balanced,42,True,0.95,200000,2,"(1, 2)",,unicode,True,"{'clf__C': 2.0, 'clf__class_weight': 'balanced', 'clf__random_state': 42, 'tfidf__lowercase': True, 'tfidf__max_df': 0.95, 'tfidf__max_features': 200000, 'tfidf__min_df': 2, 'tfidf__ngram_range': (1, 2), 'tfidf__stop_words': None, 'tfidf__strip_accents': 'unicode', 'tfidf__sublinear_tf': True}",0.9769947619225362,0.9769041891538184,0.9771351129567694,0.977011354677708,9.500154502420255e-05,33
7.837981144587199,0.282447396136686,9.75406789779663,0.030102832783967453,2.0,balanced,42,True,0.95,200000,2,"(1, 2)",,,True,"{'clf__C': 2.0, 'clf__class_weight': 'balanced', 'clf__random_state': 42, 'tfidf__lowercase': True, 'tfidf__max_df': 0.95, 'tfidf__max_features': 200000, 'tfidf__min_df': 2, 'tfidf__ngram_range': (1, 2), 'tfidf__stop_words': None, 'tfidf__strip_accents': None, 'tfidf__sublinear_tf': True}",0.9769947619225362,0.9769041891538184,0.9771351129567694,0.977011354677708,9.500154502420255e-05,33
4.643024047215779,0.18794001901248164,4.393816550572713,0.010676650400511342,2.0,balanced,42,True,0.95,200000,5,"(1, 1)",,unicode,True,"{'clf__C': 2.0, 'clf__class_weight': 'balanced', 'clf__random_state': 42, 'tfidf__lowercase': True, 'tfidf__max_df': 0.95, 'tfidf__max_features': 200000, 'tfidf__min_df': 5, 'tfidf__ngram_range': (1, 1), 'tfidf__stop_words': None, 'tfidf__strip_accents': 'unicode', 'tfidf__sublinear_tf': True}",0.9714001120587686,0.9712018366939509,0.9715139442231076,0.9713719643252757,0.00012896252327624166,97
4.685235102971395,0.2219117872994927,4.308332363764445,0.013366500603639489,2.0,balanced,42,True,0.95,200000,5,"(1, 1)",,,True,"{'clf__C': 2.0, 'clf__class_weight': 'balanced', 'clf__random_state': 42, 'tfidf__lowercase': True, 'tfidf__max_df': 0.95, 'tfidf__max_features': 200000, 'tfidf__min_df': 5, 'tfidf__ngram_range': (1, 1), 'tfidf__stop_words': None, 'tfidf__strip_accents': None, 'tfidf__sublinear_tf': True}",0.9714001120587686,0.9712018366939509,0.9715139442231076,0.9713719643252757,0.00012896252327624166,97
6.360599756240845,0.1248946989961053,10.179802338282267,0.25630861420784407,2.0,balanced,42,True,0.95,200000,5,"(1, 2)",,unicode,True,"{'clf__C': 2.0, 'clf__class_weight': 'balanced', 'clf__random_state': 42, 'tfidf__lowercase': True, 'tfidf__max_df': 0.95, 'tfidf__max_features': 200000, 'tfidf__min_df': 5, 'tfidf__ngram_range': (1, 2), 'tfidf__stop_words': None, 'tfidf__strip_accents': 'unicode', 'tfidf__sublinear_tf': True}",0.9765203332918792,0.9765935448509536,0.9768910435701411,0.976668307237658,0.00016030926039286905,37
7.116741577784221,0.5796394986446101,10.196252822875977,0.10829542462595151,2.0,balanced,42,True,0.95,200000,5,"(1, 2)",,,True,"{'clf__C': 2.0, 'clf__class_weight': 'balanced', 'clf__random_state': 42, 'tfidf__lowercase': True, 'tfidf__max_df': 0.95, 'tfidf__max_features': 200000, 'tfidf__min_df': 5, 'tfidf__ngram_range': (1, 2), 'tfidf__stop_words': None, 'tfidf__strip_accents': None, 'tfidf__sublinear_tf': True}",0.9765203332918792,0.9765935448509536,0.9768910435701411,0.976668307237658,0.00016030926039286905,37
5.567927281061809,0.3711654061631755,4.986803372701009,0.03440693246685555,4.0,balanced,42,True,0.9,80000,2,"(1, 1)",,unicode,True,"{'clf__C': 4.0, 'clf__class_weight': 'balanced', 'clf__random_state': 42, 'tfidf__lowercase': True, 'tfidf__max_df': 0.9, 'tfidf__max_features': 80000, 'tfidf__min_df': 2, 'tfidf__ngram_range': (1, 1), 'tfidf__stop_words': None, 'tfidf__strip_accents': 'unicode', 'tfidf__sublinear_tf': True}",0.9700305048870074,0.9696092980333961,0.9699601791936286,0.9698666607046774,0.00018423369980193982,121
5.745543320973714,0.3023653704188395,4.789132674535115,0.07162034319521685,4.0,balanced,42,True,0.9,80000,2,"(1, 1)",,,True,"{'clf__C': 4.0, 'clf__class_weight': 'balanced', 'clf__random_state': 42, 'tfidf__lowercase': True, 'tfidf__max_df': 0.9, 'tfidf__max_features': 80000, 'tfidf__min_df': 2, 'tfidf__ngram_range': (1, 1), 'tfidf__stop_words': None, 'tfidf__strip_accents': None, 'tfidf__sublinear_tf': True}",0.9700305048870074,0.9696092980333961,0.9699601791936286,0.9698666607046774,0.00018423369980193982,121
7.932952960332234,0.07143508144659029,9.184002002080282,0.15653946785074888,4.0,balanced,42,True,0.9,80000,2,"(1, 2)",,unicode,True,"{'clf__C': 4.0, 'clf__class_weight': 'balanced', 'clf__random_state': 42, 'tfidf__lowercase': True, 'tfidf__max_df': 0.9, 'tfidf__max_features': 80000, 'tfidf__min_df': 2, 'tfidf__ngram_range': (1, 2), 'tfidf__stop_words': None, 'tfidf__strip_accents': 'unicode', 'tfidf__sublinear_tf': True}",0.9745776407553363,0.9749094123946258,0.9748462828395752,0.9747777786631792,0.0001438464964166084,61
8.646165291468302,0.20631798245019975,9.040465434392294,0.11799371675342378,4.0,balanced,42,True,0.9,80000,2,"(1, 2)",,,True,"{'clf__C': 4.0, 'clf__class_weight': 'balanced', 'clf__random_state': 42, 'tfidf__lowercase': True, 'tfidf__max_df': 0.9, 'tfidf__max_features': 80000, 'tfidf__min_df': 2, 'tfidf__ngram_range': (1, 2), 'tfidf__stop_words': None, 'tfidf__strip_accents': None, 'tfidf__sublinear_tf': True}",0.9745776407553363,0.9749094123946258,0.9748462828395752,0.9747777786631792,0.0001438464964166084,61
5.219547986984253,0.058840132377493935,4.112688700358073,0.11794150806197935,4.0,balanced,42,True,0.9,80000,5,"(1, 1)",,unicode,True,"{'clf__C': 4.0, 'clf__class_weight': 'balanced', 'clf__random_state': 42, 'tfidf__lowercase': True, 'tfidf__max_df': 0.9, 'tfidf__max_features': 80000, 'tfidf__min_df': 5, 'tfidf__ngram_range': (1, 1), 'tfidf__stop_words': None, 'tfidf__strip_accents': 'unicode', 'tfidf__sublinear_tf': True}",0.9701057871810828,0.96988357308469,0.9702512037624575,0.9700801880094101,0.0001511722351088452,113
5.110994259516398,0.14142695915004183,3.861748456954956,0.013645088952328027,4.0,balanced,42,True,0.9,80000,5,"(1, 1)",,,True,"{'clf__C': 4.0, 'clf__class_weight': 'balanced', 'clf__random_state': 42, 'tfidf__lowercase': True, 'tfidf__max_df': 0.9, 'tfidf__max_features': 80000, 'tfidf__min_df': 5, 'tfidf__ngram_range': (1, 1), 'tfidf__stop_words': None, 'tfidf__strip_accents': None, 'tfidf__sublinear_tf': True}",0.9701057871810828,0.96988357308469,0.9702512037624575,0.9700801880094101,0.0001511722351088452,113
6.619360605875651,0.23033002999335778,9.688018321990967,0.2871809289727847,4.0,balanced,42,True,0.9,80000,5,"(1, 2)",,unicode,True,"{'clf__C': 4.0, 'clf__class_weight': 'balanced', 'clf__random_state': 42, 'tfidf__lowercase': True, 'tfidf__max_df': 0.9, 'tfidf__max_features': 80000, 'tfidf__min_df': 5, 'tfidf__ngram_range': (1, 2), 'tfidf__stop_words': None, 'tfidf__strip_accents': 'unicode', 'tfidf__sublinear_tf': True}",0.9746158818557008,0.9748838830986091,0.9748984636021512,0.9747994095188203,0.0001299100974224724,57
7.315548022588094,0.8515214677625026,10.325042645136515,0.38652258070532036,4.0,balanced,42,True,0.9,80000,5,"(1, 2)",,,True,"{'clf__C': 4.0, 'clf__class_weight': 'balanced', 'clf__random_state': 42, 'tfidf__lowercase': True, 'tfidf__max_df': 0.9, 'tfidf__max_features': 80000, 'tfidf__min_df': 5, 'tfidf__ngram_range': (1, 2), 'tfidf__stop_words': None, 'tfidf__strip_accents': None, 'tfidf__sublinear_tf': True}",0.9746158818557008,0.9748838830986091,0.9748984636021512,0.9747994095188203,0.0001299100974224724,57
5.664668639500936,0.3512829651380832,4.335402965545654,0.006616516882951164,4.0,balanced,42,True,0.9,200000,2,"(1, 1)",,unicode,True,"{'clf__C': 4.0, 'clf__class_weight': 'balanced', 'clf__random_state': 42, 'tfidf__lowercase': True, 'tfidf__max_df': 0.9, 'tfidf__max_features': 200000, 'tfidf__min_df': 2, 'tfidf__ngram_range': (1, 1), 'tfidf__stop_words': None, 'tfidf__strip_accents': 'unicode', 'tfidf__sublinear_tf': True}",0.9700305048870074,0.9696092980333961,0.9699601791936286,0.9698666607046774,0.00018423369980193982,121
5.678797006607056,0.19331340022882856,4.311184008916219,0.03887465050975489,4.0,balanced,42,True,0.9,200000,2,"(1, 1)",,,True,"{'clf__C': 4.0, 'clf__class_weight': 'balanced', 'clf__random_state': 42, 'tfidf__lowercase': True, 'tfidf__max_df': 0.9, 'tfidf__max_features': 200000, 'tfidf__min_df': 2, 'tfidf__ngram_range': (1, 1), 'tfidf__stop_words': None, 'tfidf__strip_accents': None, 'tfidf__sublinear_tf': True}",0.9700305048870074,0.9696092980333961,0.9699601791936286,0.9698666607046774,0.00018423369980193982,121
9.737757921218872,0.46096546642547453,10.279486656188965,0.2937749780803445,4.0,balanced,42,True,0.9,200000,2,"(1, 2)",,unicode,True,"{'clf__C': 4.0, 'clf__class_weight': 'balanced', 'clf__random_state': 42, 'tfidf__lowercase': True, 'tfidf__max_df': 0.9, 'tfidf__max_features': 200000, 'tfidf__min_df': 2, 'tfidf__ngram_range': (1, 2), 'tfidf__stop_words': None, 'tfidf__strip_accents': 'unicode', 'tfidf__sublinear_tf': True}",0.975677692116389,0.9753235590876818,0.9756697648988518,0.9755570053676408,0.00016510316858362118,49
10.620253006617228,0.09391728970271797,9.688663721084595,0.21796950924383243,4.0,balanced,42,True,0.9,200000,2,"(1, 2)",,,True,"{'clf__C': 4.0, 'clf__class_weight': 'balanced', 'clf__random_state': 42, 'tfidf__lowercase': True, 'tfidf__max_df': 0.9, 'tfidf__max_features': 200000, 'tfidf__min_df': 2, 'tfidf__ngram_range': (1, 2), 'tfidf__stop_words': None, 'tfidf__strip_accents': None, 'tfidf__sublinear_tf': True}",0.975677692116389,0.9753235590876818,0.9756697648988518,0.9755570053676408,0.00016510316858362118,49
5.733488321304321,0.080697732635001,4.308312018712361,0.14908221331386895,4.0,balanced,42,True,0.9,200000,5,"(1, 1)",,unicode,True,"{'clf__C': 4.0, 'clf__class_weight': 'balanced', 'clf__random_state': 42, 'tfidf__lowercase': True, 'tfidf__max_df': 0.9, 'tfidf__max_features': 200000, 'tfidf__min_df': 5, 'tfidf__ngram_range': (1, 1), 'tfidf__stop_words': None, 'tfidf__strip_accents': 'unicode', 'tfidf__sublinear_tf': True}",0.9701057871810828,0.96988357308469,0.9702512037624575,0.9700801880094101,0.0001511722351088452,113
5.983894348144531,0.03943143406719465,3.853064934412638,0.07470297335473829,4.0,balanced,42,True,0.9,200000,5,"(1, 1)",,,True,"{'clf__C': 4.0, 'clf__class_weight': 'balanced', 'clf__random_state': 42, 'tfidf__lowercase': True, 'tfidf__max_df': 0.9, 'tfidf__max_features': 200000, 'tfidf__min_df': 5, 'tfidf__ngram_range': (1, 1), 'tfidf__stop_words': None, 'tfidf__strip_accents': None, 'tfidf__sublinear_tf': True}",0.9701057871810828,0.96988357308469,0.9702512037624575,0.9700801880094101,0.0001511722351088452,113
7.85881511370341,0.410356543496635,9.216920534769693,0.06287286157745502,4.0,balanced,42,True,0.9,200000,5,"(1, 2)",,unicode,True,"{'clf__C': 4.0, 'clf__class_weight': 'balanced', 'clf__random_state': 42, 'tfidf__lowercase': True, 'tfidf__max_df': 0.9, 'tfidf__max_features': 200000, 'tfidf__min_df': 5, 'tfidf__ngram_range': (1, 2), 'tfidf__stop_words': None, 'tfidf__strip_accents': 'unicode', 'tfidf__sublinear_tf': True}",0.9749014830376789,0.9749119115504812,0.9749298084329266,0.974914401007029,1.1697009572618785e-05,53
7.904748598734538,0.3227267871286618,8.973851044972738,0.09835031285741874,4.0,balanced,42,True,0.9,200000,5,"(1, 2)",,,True,"{'clf__C': 4.0, 'clf__class_weight': 'balanced', 'clf__random_state': 42, 'tfidf__lowercase': True, 'tfidf__max_df': 0.9, 'tfidf__max_features': 200000, 'tfidf__min_df': 5, 'tfidf__ngram_range': (1, 2), 'tfidf__stop_words': None, 'tfidf__strip_accents': None, 'tfidf__sublinear_tf': True}",0.9749014830376789,0.9749119115504812,0.9749298084329266,0.974914401007029,1.1697009572618785e-05,53
5.663454294204712,0.31261927571170667,3.6632856527964273,0.09036608706946599,4.0,balanced,42,True,0.95,80000,2,"(1, 1)",,unicode,True,"{'clf__C': 4.0, 'clf__class_weight': 'balanced', 'clf__random_state': 42, 'tfidf__lowercase': True, 'tfidf__max_df': 0.95, 'tfidf__max_features': 80000, 'tfidf__min_df': 2, 'tfidf__ngram_range': (1, 1), 'tfidf__stop_words': None, 'tfidf__strip_accents': 'unicode', 'tfidf__sublinear_tf': True}",0.9700305048870074,0.9696092980333961,0.9699601791936286,0.9698666607046774,0.00018423369980193982,121
5.646328926086426,0.14852872915195467,3.541189670562744,0.03436236935332143,4.0,balanced,42,True,0.95,80000,2,"(1, 1)",,,True,"{'clf__C': 4.0, 'clf__class_weight': 'balanced', 'clf__random_state': 42, 'tfidf__lowercase': True, 'tfidf__max_df': 0.95, 'tfidf__max_features': 80000, 'tfidf__min_df': 2, 'tfidf__ngram_range': (1, 1), 'tfidf__stop_words': None, 'tfidf__strip_accents': None, 'tfidf__sublinear_tf': True}",0.9700305048870074,0.9696092980333961,0.9699601791936286,0.9698666607046774,0.00018423369980193982,121
6.793531974156697,0.461215383736342,9.370558261871338,0.020345585230892426,4.0,balanced,42,True,0.95,80000,2,"(1, 2)",,unicode,True,"{'clf__C': 4.0, 'clf__class_weight': 'balanced', 'clf__random_state': 42, 'tfidf__lowercase': True, 'tfidf__max_df': 0.95, 'tfidf__max_features': 80000, 'tfidf__min_df': 2, 'tfidf__ngram_range': (1, 2), 'tfidf__stop_words': None, 'tfidf__strip_accents': 'unicode', 'tfidf__sublinear_tf': True}",0.9745776407553363,0.9749094123946258,0.9748462828395752,0.9747777786631792,0.0001438464964166084,61
8.110346953074137,0.19200150264499344,9.584787130355835,0.18906273954651748,4.0,balanced,42,True,0.95,80000,2,"(1, 2)",,,True,"{'clf__C': 4.0, 'clf__class_weight': 'balanced', 'clf__random_state': 42, 'tfidf__lowercase': True, 'tfidf__max_df': 0.95, 'tfidf__max_features': 80000, 'tfidf__min_df': 2, 'tfidf__ngram_range': (1, 2), 'tfidf__stop_words': None, 'tfidf__strip_accents': None, 'tfidf__sublinear_tf': True}",0.9745776407553363,0.9749094123946258,0.9748462828395752,0.9747777786631792,0.0001438464964166084,61
5.327192624409993,0.05869359661928885,3.8227197329203286,0.07999021936115026,4.0,balanced,42,True,0.95,80000,5,"(1, 1)",,unicode,True,"{'clf__C': 4.0, 'clf__class_weight': 'balanced', 'clf__random_state': 42, 'tfidf__lowercase': True, 'tfidf__max_df': 0.95, 'tfidf__max_features': 80000, 'tfidf__min_df': 5, 'tfidf__ngram_range': (1, 1), 'tfidf__stop_words': None, 'tfidf__strip_accents': 'unicode', 'tfidf__sublinear_tf': True}",0.9701057871810828,0.96988357308469,0.9702512037624575,0.9700801880094101,0.0001511722351088452,113
5.311710357666016,0.12696079686610193,3.8229246139526367,0.012996443527321953,4.0,balanced,42,True,0.95,80000,5,"(1, 1)",,,True,"{'clf__C': 4.0, 'clf__class_weight': 'balanced', 'clf__random_state': 42, 'tfidf__lowercase': True, 'tfidf__max_df': 0.95, 'tfidf__max_features': 80000, 'tfidf__min_df': 5, 'tfidf__ngram_range': (1, 1), 'tfidf__stop_words': None, 'tfidf__strip_accents': None, 'tfidf__sublinear_tf': True}",0.9701057871810828,0.96988357308469,0.9702512037624575,0.9700801880094101,0.0001511722351088452,113
6.900651057561238,0.08838543401617781,10.56424323717753,0.4468227461990197,4.0,balanced,42,True,0.95,80000,5,"(1, 2)",,unicode,True,"{'clf__C': 4.0, 'clf__class_weight': 'balanced', 'clf__random_state': 42, 'tfidf__lowercase': True, 'tfidf__max_df': 0.95, 'tfidf__max_features': 80000, 'tfidf__min_df': 5, 'tfidf__ngram_range': (1, 2), 'tfidf__stop_words': None, 'tfidf__strip_accents': 'unicode', 'tfidf__sublinear_tf': True}",0.9746158818557008,0.9748838830986091,0.9748984636021512,0.9747994095188203,0.0001299100974224724,57
8.232856671015421,0.820928338095638,11.481741428375244,0.3083188148745941,4.0,balanced,42,True,0.95,80000,5,"(1, 2)",,,True,"{'clf__C': 4.0, 'clf__class_weight': 'balanced', 'clf__random_state': 42, 'tfidf__lowercase': True, 'tfidf__max_df': 0.95, 'tfidf__max_features': 80000, 'tfidf__min_df': 5, 'tfidf__ngram_range': (1, 2), 'tfidf__stop_words': None, 'tfidf__strip_accents': None, 'tfidf__sublinear_tf': True}",0.9746158818557008,0.9748838830986091,0.9748984636021512,0.9747994095188203,0.0001299100974224724,57
5.999602556228638,0.3232130488393057,4.363792419433594,0.045761279339545664,4.0,balanced,42,True,0.95,200000,2,"(1, 1)",,unicode,True,"{'clf__C': 4.0, 'clf__class_weight': 'balanced', 'clf__random_state': 42, 'tfidf__lowercase': True, 'tfidf__max_df': 0.95, 'tfidf__max_features': 200000, 'tfidf__min_df': 2, 'tfidf__ngram_range': (1, 1), 'tfidf__stop_words': None, 'tfidf__strip_accents': 'unicode', 'tfidf__sublinear_tf': True}",0.9700305048870074,0.9696092980333961,0.9699601791936286,0.9698666607046774,0.00018423369980193982,121
6.043566942214966,0.2623842487894165,4.290787061055501,0.02248308670998372,4.0,balanced,42,True,0.95,200000,2,"(1, 1)",,,True,"{'clf__C': 4.0, 'clf__class_weight': 'balanced', 'clf__random_state': 42, 'tfidf__lowercase': True, 'tfidf__max_df': 0.95, 'tfidf__max_features': 200000, 'tfidf__min_df': 2, 'tfidf__ngram_range': (1, 1), 'tfidf__stop_words': None, 'tfidf__strip_accents': None, 'tfidf__sublinear_tf': True}",0.9700305048870074,0.9696092980333961,0.9699601791936286,0.9698666607046774,0.00018423369980193982,121
11.162839968999227,0.42323499567211037,9.464507182439169,0.8232818367696725,4.0,balanced,42,True,0.95,200000,2,"(1, 2)",,unicode,True,"{'clf__C': 4.0, 'clf__class_weight': 'balanced', 'clf__random_state': 42, 'tfidf__lowercase': True, 'tfidf__max_df': 0.95, 'tfidf__max_features': 200000, 'tfidf__min_df': 2, 'tfidf__ngram_range': (1, 2), 'tfidf__stop_words': None, 'tfidf__strip_accents': 'unicode', 'tfidf__sublinear_tf': True}",0.975677692116389,0.9753235590876818,0.9756697648988518,0.9755570053676408,0.00016510316858362118,49
12.001834074656168,0.13316353793115995,7.124192555745442,0.552844057742645,4.0,balanced,42,True,0.95,200000,2,"(1, 2)",,,True,"{'clf__C': 4.0, 'clf__class_weight': 'balanced', 'clf__random_state': 42, 'tfidf__lowercase': True, 'tfidf__max_df': 0.95, 'tfidf__max_features': 200000, 'tfidf__min_df': 2, 'tfidf__ngram_range': (1, 2), 'tfidf__stop_words': None, 'tfidf__strip_accents': None, 'tfidf__sublinear_tf': True}",0.975677692116389,0.9753235590876818,0.9756697648988518,0.9755570053676408,0.00016510316858362118,49
6.880601565043132,0.08140055850214292,4.744834105173747,0.12718231678929715,4.0,balanced,42,True,0.95,200000,5,"(1, 1)",,unicode,True,"{'clf__C': 4.0, 'clf__class_weight': 'balanced', 'clf__random_state': 42, 'tfidf__lowercase': True, 'tfidf__max_df': 0.95, 'tfidf__max_features': 200000, 'tfidf__min_df': 5, 'tfidf__ngram_range': (1, 1), 'tfidf__stop_words': None, 'tfidf__strip_accents': 'unicode', 'tfidf__sublinear_tf': True}",0.9701057871810828,0.96988357308469,0.9702512037624575,0.9700801880094101,0.0001511722351088452,113
6.939295689264934,0.19790784819584914,4.176866451899211,0.09296117485646391,4.0,balanced,42,True,0.95,200000,5,"(1, 1)",,,True,"{'clf__C': 4.0, 'clf__class_weight': 'balanced', 'clf__random_state': 42, 'tfidf__lowercase': True, 'tfidf__max_df': 0.95, 'tfidf__max_features': 200000, 'tfidf__min_df': 5, 'tfidf__ngram_range': (1, 1), 'tfidf__stop_words': None, 'tfidf__strip_accents': None, 'tfidf__sublinear_tf': True}",0.9701057871810828,0.96988357308469,0.9702512037624575,0.9700801880094101,0.0001511722351088452,113
7.724573373794556,0.9139139617232671,5.373901605606079,0.5215849641472579,4.0,balanced,42,True,0.95,200000,5,"(1, 2)",,unicode,True,"{'clf__C': 4.0, 'clf__class_weight': 'balanced', 'clf__random_state': 42, 'tfidf__lowercase': True, 'tfidf__max_df': 0.95, 'tfidf__max_features': 200000, 'tfidf__min_df': 5, 'tfidf__ngram_range': (1, 2), 'tfidf__stop_words': None, 'tfidf__strip_accents': 'unicode', 'tfidf__sublinear_tf': True}",0.9749014830376789,0.9749119115504812,0.9749298084329266,0.974914401007029,1.1697009572618785e-05,53
5.517224311828613,0.4532990012483988,4.161325931549072,0.21189081765435647,4.0,balanced,42,True,0.95,200000,5,"(1, 2)",,,True,"{'clf__C': 4.0, 'clf__class_weight': 'balanced', 'clf__random_state': 42, 'tfidf__lowercase': True, 'tfidf__max_df': 0.95, 'tfidf__max_features': 200000, 'tfidf__min_df': 5, 'tfidf__ngram_range': (1, 2), 'tfidf__stop_words': None, 'tfidf__strip_accents': None, 'tfidf__sublinear_tf': True}",0.9749014830376789,0.9749119115504812,0.9749298084329266,0.974914401007029,1.1697009572618785e-05,53
